ID	Replicate	Method	Protein	DeepMito
1	1	1	atp8	95fc9170-2765-438c-bb6f-eb0c9127d757
2	1	1	atp9	8d129bf5-a85f-4a3b-8784-e528ea96c7c7
3	1	1	cox2	cd62c3bc-3c20-4e5b-9bfa-0b1b4e801cb5
4	1	1	hac1	2d97fc2f-f9bb-4811-b18d-9d9e2187b9d4
5	1	2	atp8	abfc24c2-3ead-4e15-ba90-19c95e041434
6	1	2	atp9	0ca47c02-d6ac-4a40-a665-4c6979036acc
7	1	2	cox2	19dfe9d9-862d-4f29-a140-cc2fe2a09412
8	1	2	hac1	3a3e404b-2353-43d5-8815-4690e2dc2666
9	1	3	atp8	e3a866f3-e5c6-4658-891e-91a6815a5d03
10	1	3	atp9	3f7c0f33-76f8-49ba-b0eb-5e0f8b8a23d7
11	1	3	cox2	1df37bf0-34e5-4d9f-8061-459d9a7aa3b5
12	1	3	hac1	556d14cb-4cb9-4509-8a94-4145bd78f078
13	1	4	atp8	57cc20c4-501c-4223-b611-508b91f06747
14	1	4	atp9	dd2538b4-efe1-4625-a424-cb1b01bc0d7e
15	1	4	cox2	cb6b3c7a-fa58-46da-b8b4-5feb215ec4d5
16	1	4	hac1	de05c82c-0303-4c63-aade-925e17be542a
17	1	5	atp8	d35ca707-6809-4d62-a18c-375bcf5ba84e
18	1	5	atp9	227f6499-80f3-42b5-a614-8b46a1dbfa01
19	1	5	cox2	ed16ef02-4c2b-4823-b81b-08480ee6f012
20	1	5	hac1	b5a7b042-e6f2-4269-b8fd-100e1c904a2b
21	1	6	atp8	3e05a003-46b5-49e2-b868-9867b43192b2
22	1	6	atp9	3f009940-c9d0-4a1f-be0a-994a3ffb56e9
23	1	6	cox2	1770c929-6767-4abc-b5b1-8387c67c8b93
24	1	6	hac1	d75db463-a1a1-477d-93b0-965fe344a515
25	1	7	atp8	ee1a605a-226f-40e7-9759-265da4469732
26	1	7	atp9	0d7dea25-22dc-4ae3-b5d1-64d938cd1010
27	1	7	cox2	6d0755a9-50a9-4580-b49a-626ba34c3bef
28	1	7	hac1	06868880-aaeb-42d3-9cea-78626f9291cd
29	1	8	atp8	a645028e-36ac-47a5-b145-e4ddaf4c7e04
30	1	8	atp9	92d1b277-3e70-4b67-97e4-bb03901ed70b
31	1	8	cox2	da8b94e5-d4f7-4a40-ae38-b6faaf1b6da3
32	1	8	hac1	9ed17dc7-637d-4d7a-be17-cf8c16da7662
33	1	9	atp8	10e4bb68-64a5-44c1-8e69-d0dfd33c1d6c
34	1	9	atp9	63d3aa82-24e2-4706-8b28-59ac346794e6
35	1	9	cox2	31337b37-1188-4f06-9f19-7d8be10b36a6
36	1	9	hac1	16f9ae3b-4198-4448-a9eb-8bd6ceb34912
37	2	1	atp8	5ec125b3-6f3a-4acd-8ba1-715e34b00cf5
38	2	1	atp9	a02f5587-0929-4cf8-bf99-3b5af56dc96b
39	2	1	cox2	f148f574-3f3d-4c63-8538-0bca3a63f89b
40	2	1	hac1	4057892e-c52a-43a8-b894-c82e2ae0f8f2
41	2	2	atp8	d8d5bac0-a030-456b-8edb-4ced0575a1c6
42	2	2	atp9	4c3072a0-d939-4d4d-b5c9-76ffda42ace7
43	2	2	cox2	51facd8c-469b-47b5-8d29-50db6acde9db
44	2	2	hac1	a22b721e-f3e1-4849-9b58-75850a9a887c
45	2	3	atp8	8b149f9f-0029-44fb-bea7-f6db5a6e3068
46	2	3	atp9	5c49dc00-3ad8-46ea-b003-b1ea2a5ce752
47	2	3	cox2	f0202f67-73b6-401b-8c9e-7c4aa386627a
48	2	3	hac1	19711c40-3c84-4b09-9083-940d4569b1be
49	2	4	atp8	b4fcdca6-4225-4c90-afd5-82879fe03e7e
50	2	4	atp9	cf3a804a-afce-416f-8276-ee44e3e139fa
51	2	4	cox2	60185475-90fd-4aad-ad94-18a08838eff1
52	2	4	hac1	450245f7-edbd-4533-aebf-afcacfa7ddb1
53	2	5	atp8	2d47a207-22f7-4661-b176-df8d45e56c0b
54	2	5	atp9	cea6c220-57ef-47d4-97f8-3caad99b5b52
55	2	5	cox2	84053f2f-763b-4800-b680-ecb4d574fe8c
56	2	5	hac1	ccdf9979-37c2-4380-b63b-a5577f8fc317
57	2	6	atp8	51e1a73a-6e75-4bf7-8094-003d23b6b381
58	2	6	atp9	33351efb-2b97-4f1f-a433-d543f7f691a2
59	2	6	cox2	a9cc1640-a2f2-4f52-8a9e-30e1b136e903
60	2	6	hac1	56d2611b-0541-4aa0-9245-1bc619065832
61	2	7	atp8	116edc15-173f-48ba-9875-af5b4eff9990
62	2	7	atp9	3d1febeb-51d9-4c88-bc49-c44d9b7ff21d
63	2	7	cox2	4e7b386b-960d-46df-a928-62b898d3b22d
64	2	7	hac1	40b64b4a-b6cc-44a0-b5bb-192512223f3c
65	2	8	atp8	e46a8201-47e1-4fd1-8eb1-c64669868e7b
66	2	8	atp9	12c766f9-d304-416d-b86e-93c94b42f51f
67	2	8	cox2	0cf390b8-73bd-4410-9bbb-0cffa132ef45
68	2	8	hac1	680c5154-0541-480a-82e4-c098894bc42e
69	2	9	atp8	afb78f34-0b40-4b61-a72c-26d571a17efa
70	2	9	atp9	3a7df9e5-64c4-44fd-9020-e849c0070313
71	2	9	cox2	2a972679-464c-4a32-9869-89ee5b7748f1
72	2	9	hac1	37d84dd0-98f5-42b7-bf7c-4484bb891509
73	3	1	atp8	aac50ad6-fd60-43ea-b92f-141b355ae58c
74	3	1	atp9	96ba8805-d087-4ef0-b739-38e9a75341a4
75	3	1	cox2	08926d85-2973-457f-8c50-f2b0e7069471
76	3	1	hac1	b2af97bc-d2c8-4827-a7ea-4ebf2b7336ce
77	3	2	atp8	1cac3bf3-cbe4-4bad-9498-c2bf811529f5
78	3	2	atp9	3c0c5095-46b7-4d59-bbcc-0954dde0da2d
79	3	2	cox2	76690340-8132-4f89-b026-116b340e1e0a
80	3	2	hac1	8b3532a3-6e36-4644-9905-3c4741fee9f1
81	3	3	atp8	bdde4e29-f89e-4c11-8ae7-3a82487ecf4a
82	3	3	atp9	60105567-d67c-4def-bfde-1453f5a47262
83	3	3	cox2	7adff639-ba4a-4738-af52-5cf88219276e
84	3	3	hac1	cef29ad8-e33b-4ab1-8784-5f2e5784c072
85	3	4	atp8	51240a3c-e0fd-41e6-8693-ab4f5797e152
86	3	4	atp9	ba92df96-3646-4cb9-9c65-9474ae148f07
87	3	4	cox2	cafcf389-dc7c-4867-b610-e3469ef2c88c
88	3	4	hac1	b94cafca-4dc5-434e-8ed9-379d663cc3d7
89	3	5	atp8	1477707e-3ba6-400c-850c-dabc78575f48
90	3	5	atp9	7bfee010-247d-4b19-a4a1-a77c2b1d1acd
91	3	5	cox2	f04cfecf-5f91-4419-b7b7-a1e85f9cb3ab
92	3	5	hac1	56d5e9ed-3a76-40de-8982-a1a9e7d718b5
93	3	6	atp8	c019069b-d9d2-4da9-ab5d-4d23440fd6ab
94	3	6	atp9	22274c44-cea6-473d-8aa4-acc8dd9d872a
95	3	6	cox2	8334609d-48b0-49b4-81aa-0d68457bb570
96	3	6	hac1	9a6f13c5-b250-432f-8cf0-0086b1f48c1b
97	3	7	atp8	c14e7655-e1a3-4be4-8465-d62028a250ba
98	3	7	atp9	6d05995f-95b2-4177-b6e1-47dfd21585ca
99	3	7	cox2	f79a0089-cb84-4ee9-83b0-2ecfdfd7e967
100	3	7	hac1	8480a950-4f5d-41b6-ab5f-730d947672e5
102	3	8	atp8	713673c8-28b0-4501-a096-508a5dc653a9
103	3	8	atp9	435586cf-99dc-4613-82a7-dd06f99e2b04
104	3	8	cox2	23e1c1d0-97fb-4601-a825-9317908267d6
105	3	8	hac1	049c9a25-8666-4e9c-87f9-d13f7d1a9d82
106	3	9	atp8	2cf513f7-3af3-4bfe-9245-1eeba0f35285
107	3	9	atp9	e9aab430-9399-4adc-a649-f70ae16c2c21
108	3	9	cox2	5fde2eb0-8a6b-454b-882c-b3007faef018
109	3	9	hac1	7c708b1a-97e5-4b86-8479-6d941aa98910
110	1	1	var1	0bf2d3fe-197b-4efe-99f6-58b8ec960c37
111	1	2	var1	ac526724-76ce-4328-8fc1-20d3633809c3
112	1	3	var1	78e73024-a0fb-4099-b5bd-ca40642c30e5
113	1	4	var1	4d7bddf9-5564-402d-ae2b-1a53e33df82d
114	1	5	var1	f15fcdff-2d17-4869-afe8-b65a2000a4d2
115	1	6	var1	cd052da5-ee27-41c4-99d6-5e04eabdf339
116	1	7	var1	58c3a14e-cd43-4ca8-900e-6b1e22c61993
117	1	8	var1	454625ad-6938-4229-a0e0-4101f74544f9
118	1	9	var1	4baf379d-1aef-4aec-ba51-a1e671112960
119	2	1	var1	1b641cba-60c5-424d-87bd-25fc906bcfd8
120	2	2	var1	f857e672-7d19-4246-b0c0-354d75b21305
121	2	3	var1	db4ea3aa-e76b-41a0-a675-a8c573b45e85
122	2	4	var1	ca4820c0-4beb-4fc5-9d73-90d1f55a52de
123	2	5	var1	9af35aa2-1157-424c-bd3c-e139b3d38fe5
124	2	6	var1	ee364506-ce6d-4928-b12b-93cc982abba8
125	2	7	var1	896ed42b-8f88-4276-8bb1-932841082868
126	2	8	var1	cf7b6540-8fd6-4d6f-9cb9-75aff19bfbaf
127	2	9	var1	72c9162d-fec1-4690-8489-24287a761a82
128	3	1	var1	f4cb17a8-8496-4cba-8ff0-af395299e6a0
129	3	2	var1	049d6347-fe0e-4673-b225-c8a5add8958f
130	3	3	var1	51db1e1e-dd6a-45ad-969b-3344c1bbb1da
131	3	4	var1	45b94ffe-a79a-4c29-b3ab-c629647072c3
132	3	5	var1	69c889e0-0153-4f19-9e3a-0e7ac2da1f6c
133	3	6	var1	677cd8dc-fd60-47fd-969a-8c0268a23850
134	3	7	var1	08fe2b84-c6bf-4782-8da6-10ede4d6eb1f
135	3	8	var1	027c18bd-c331-4f1f-88e9-154046c31044
136	3	9	var1	fb92d778-f309-4339-a79a-ae2aecf94f55
137	1	1	coa4	88913f1d-b7bb-4e42-b674-181c2856adcb
138	1	1	mmf1	453add73-67aa-4b4e-99dd-e39829177d3f
139	1	2	coa4	5485c5f3-f951-4ed4-ac39-41f2a296048d
140	1	2	mmf1	cb4646bd-9f0c-4b4e-ae3a-58b34ea7a74c
141	1	3	coa4	96cdc21f-ef64-4267-a8aa-ffc8454cac49
142	1	3	mmf1	1d074629-9316-49cc-b202-b21179ee8b8a
143	1	4	coa4	70e20afc-f730-4445-9596-c9743dd5342a
144	1	4	mmf1	5c7f05f1-9ef0-4133-ba9a-a0e8478fc7de
145	1	5	coa4	253a15e4-df02-4e7f-9702-81168e512d08
146	1	5	mmf1	2712d4fe-43ca-47fa-9ab9-090ad61ee31d
147	1	6	coa4	1dea7994-e02f-4a52-9b7c-a657a5e59e87
148	1	6	mmf1	8d8c310a-2833-4ae0-9fff-3b531de0c97c
149	1	7	coa4	b0a45ac1-737e-4735-ab26-955cb30f86f8
150	1	7	mmf1	18aa56d7-c861-40ea-ba1c-74c59de0e7db
151	1	8	coa4	da4acaab-a086-4694-91ec-47d9679f27df
152	1	8	mmf1	82f5c1f6-75bf-4cab-8115-403c9295e603
153	1	9	coa4	41e2fc8d-492f-4eeb-af91-b16f94fcbc27
154	1	9	mmf1	8a7584a1-6551-48b9-93ae-4357f9c1634d
155	2	1	coa4	14e28e5b-5796-4d3c-a53b-bded506c5af6
156	2	1	mmf1	d9c517af-5197-4966-b8a2-6b669191fabb
157	2	2	coa4	a276344f-4c6e-4b3c-a041-3b7268d8547d
158	2	2	mmf1	01657a3a-8370-43ab-b65d-3c41558d7e67
159	2	3	coa4	1f415c0d-cc9e-424d-8272-d45a5154169f
160	2	3	mmf1	c66f3425-03cf-4d1b-904a-972d67e60105
161	2	4	coa4	69b4730d-6b41-4a89-9a7a-e493adbd3483
162	2	4	mmf1	a0a934fc-ac9c-44f8-a9b1-8abc9ea8e724
163	2	5	coa4	2294381d-5154-44aa-9fe7-4222927f6420
164	2	5	mmf1	321251a0-621e-4ba8-b8b3-765187777ee3
165	2	6	coa4	061e8958-a82c-43d1-b93d-eb0ddfb542d2
166	2	6	mmf1	2f67cefd-5988-4a7d-a002-74d6300d8d29
167	2	7	coa4	53899605-339e-4760-9574-07923acb7744
168	2	7	mmf1	15746948-7534-44ee-a0fc-e9cbb56b8fdd
169	2	8	coa4	7328f1e9-11f8-439e-8a0c-53282786371c
170	2	8	mmf1	70a74340-0bd4-4bbe-afbe-af921112d0b2
171	2	9	coa4	533ac113-66d9-4ca6-9474-d2f15b46c03c
172	2	9	mmf1	a243a4c1-81a2-41e9-a9d0-3a32e7a044fe
173	3	1	coa4	a068fccc-0145-4ecc-b074-7fcda89588bf
174	3	1	mmf1	8b09ec12-0ddc-4b8e-8248-2fa0828f40eb
175	3	2	coa4	3df2fcc2-e053-47f3-a82b-3c2ccec5e2c3
176	3	2	mmf1	f10a2822-9d26-41e0-a194-b2484b7bf575
177	3	3	coa4	713a3766-a893-4146-b96e-71d9f6c29706
178	3	3	mmf1	311ec222-3c77-435a-add9-af483034ccbb
179	3	4	coa4	bf4f22cb-8464-46f4-bc91-7d8c4462a1b4
180	3	4	mmf1	3d289db0-23af-47f7-ae57-2f7484e8afc0
181	3	5	coa4	97ff1f93-c40d-4764-90b6-bb6d737efac8
182	3	5	mmf1	c2d788ad-c25e-495f-92b6-90bc5a5d40e8
183	3	6	coa4	0d11ff01-f546-4ad3-a500-26b144a7697f
184	3	6	mmf1	30e5d1e3-3ef0-4dba-a57d-3755f7e052c9
185	3	7	coa4	3996524d-5f01-4db9-8f73-d77f5310d5e2
186	3	7	mmf1	46ddcfc3-f780-4222-b1e0-8c2e5396a8fb
187	3	8	coa4	1d0fc598-270f-459f-b4e7-6bdec168f1eb
188	3	8	mmf1	842f9739-843a-4e51-9b44-c1995004d1be
189	3	9	coa4	3eabe96f-32fd-4784-b872-cebc5ccc160d
190	3	9	mmf1	db0d7acc-c718-4559-afc2-ba67400802f0
